epitope,subject,va,vb,cdr3a,cdr3b
GTSGSPIVNR,PMID:28945243_1-1166-6,,TRBV12-3*01,,CASSLGSYEQYF
GTSGSPIVNR,PMID:28945243_1-1166-6,,TRBV11-2*01,,CASSLVGGTPSYNEQFF
GTSGSPIVNR,PMID:28945243_1-1166-6,,TRBV11-2*01,,CASSLFAGGPDTQYF
GTSGSPIVNR,PMID:28945243_1-1166-6,,TRBV12-3*01,,CASSWGAAEAFF
GTSGSPIVNR,PMID:28945243_1-1166-6,,TRBV11-2*01,,CASSLVIPTGWRDNEQFF
GTSGSPIVNR,PMID:28945243_1-1166-6,,TRBV7-3*01,,CASSLNSGSAGELFF
GTSGSPIVNR,PMID:28945243_2-2781-2,,TRBV12-3*01,,CASNLGTEETQYF
GTSGSPIVNR,PMID:28945243_2-2781-2,,TRBV11-2*01,,CASSLGPDNEQFF
GTSGSPIVNR,PMID:28945243_2-2781-2,,TRBV12-3*01,,CASSPGVEKLFF
GTSGSPIVNR,PMID:28945243_2-2781-2,,TRBV12-3*01,,CASSLGVPEAFF
GTSGSPIVNR,PMID:28945243_2-2781-2,,TRBV11-2*01,,CASTPLWGDQETQYF
GTSGSPIVNR,PMID:28945243_2-2781-2,,TRBV11-2*01,,CASSLGYQGYEQFF
GTSGSPIVNR,PMID:28945243_2-2781-2,,TRBV12-3*01,,CASSSGSYEQYF
GTSGSPIVNR,PMID:28945243_2-2781-2,,TRBV11-2*01,,CASSLGSAEAFF
GTSGSPIVNR,PMID:28945243_2-2781-2,,TRBV11-2*01,,CASSLGQGAYEQYF
GTSGSPIVNR,PMID:28945243_1-2528-9,,TRBV12-3*01,,CASSPGTAEAFF
GTSGSPIVNR,PMID:28945243_1-2528-9,,TRBV12-3*01,,CASSWGSYEQFF
GTSGSPIVNR,PMID:28945243_1-2528-9,,TRBV12-3*01,,CASSPGTDEAFF
GTSGSPIVNR,PMID:28945243_1-2528-9,,TRBV7-8*01,,CASSLTAGTQETQYF
GTSGSPIVNR,PMID:28945243_1-2368-2,,TRBV12-3*01,,CASTPGLWNTEAFF
GTSGSPIVNR,PMID:28945243_1-2368-2,,TRBV12-3*01,,CASSPGTEHGYTF
GTSGSPIVNR,PMID:28945243_1-2368-2,,TRBV12-5*01,,CASGLGSYEQYF
GTSGSPIVNR,PMID:28945243_1-2368-2,,TRBV3-1*01,,CASSGGTSFREQFF
GTSGSPIVNR,PMID:28945243_1-2368-2,,TRBV12-3*01,,CASSPGGARAFF
GTSGSPIVNR,PMID:28945243_2-0600-8,,TRBV11-2*01,,CASSLAGGGAYEQYF
GTSGSPIVNR,PMID:28945243_2-0600-8,,TRBV12-3*01,,CASSIGVETQYF
GTSGSPIVNR,PMID:28945243_2-0600-8,,TRBV12-3*01,,CASSPGTLHGYTF
GTSGSPIVNR,PMID:28945243_2-0600-8,,TRBV11-2*01,,CASSQGGGNYEQYF
GTSGSPIVNR,PMID:28945243_2-1629-2,,TRBV9*01,,CASSAYQGTGELFF
GTSGSPIVNR,PMID:28945243_2-1629-2,,TRBV9*01,,CASSLHGTSKLNEQFF
GTSGSPIVNR,PMID:28945243_2-1629-2,,TRBV12-3*01,,CASSFGGASYEQYF
GTSGSPIVNR,PMID:28945243_2-1629-2,,TRBV12-3*01,,CASSFGNPEAFF
GTSGSPIVNR,PMID:28945243_2-0573-8,,TRBV27*01,,CATGTGGGGYTF
GTSGSPIVNR,PMID:28945243_2-0573-8,,TRBV4-1*01,,CASSPSWGRNQPQHF
GTSGSPIVNR,PMID:28945243_2-0573-8,,TRBV9*01,,CASSPPLAGGPYNEQFF
GTSGSPIVNR,PMID:28945243_2-0573-8,,TRBV4-1*01,,CASSQGGYSNQPQHF
GTSGSPIVNR,PMID:28945243_2-0573-8,,TRBV20-1*01,,CSARDPGEYQETQYF
GTSGSPIVNR,PMID:28945243_2-0573-8,,TRBV12-3*01,,CASSLGTREAFF
GTSGSPIVNR,PMID:28945243_2-1629-2,,TRBV11-2*01,,CASSLGQGAYEQYF
GTSGSPIVNR,PMID:28945243_2-1629-2,,TRBV11-2*01,,CASSYGTEQPQHF
GTSGSPIVNR,PMID:28945243_2-1629-2,,TRBV11-2*01,,CASSLGGTDNEQFF
GTSGSPIVNR,PMID:28945243_2-1629-2,,TRBV11-2*01,,CASSLGGDTYEQYF
GTSGSPIVNR,PMID:28945243_2-1629-2,,TRBV4-1*01,,CASRRPREGLANEQFF
GTSGSPIVNR,PMID:28945243_2-1710-2,,TRBV12-3*01,,CASSLGAPEAFF
GTSGSPIVNR,PMID:28945243_2-1710-2,,TRBV13*01,,CASSLGQGTYEQYF
GTSGSPIVNR,PMID:28945243_2-1710-2,,TRBV11-2*01,,CASSLGGQTYEQYF
GTSGSPIVNR,PMID:28945243_2-1710-2,,TRBV12-3*01,,CASSLGAGVQETQYF
GTSGSPIVNR,PMID:28945243_2-1710-2,,TRBV7-3*01,,CASSLAGVGNEQFF
GTSGSPIVNR,PMID:28945243_2-1630-3,,TRBV11-2*01,,CASSMGQGDYEQYF
GTSGSPIVNR,PMID:28945243_2-1630-3,,TRBV7-8*01,,CASSPTGGGYEQYF
GTSGSPIVNR,PMID:28945243_2-0664-9,,TRBV12-3*01,,CASSFGAGSQETQYF
GTSGSPIVNR,PMID:28945243_2-0664-9,,TRBV11-2*01,,CASSLGQGDFEQYF
GTSGSPIVNR,PMID:28945243_2-0664-9,,TRBV11-2*01,,CASSPAGGTYEQYF
GTSGSPIVNR,PMID:28945243_2-0664-9,,TRBV11-2*01,,CASSLGPEAPLFF
GTSGSPIVNR,PMID:28945243_2-0664-9,,TRBV11-2*01,,CASSLGGDTYEQYF
GTSGSPIVNR,PMID:28945243_2-0664-9,,TRBV11-2*01,,CASSLGGTDNEQFF
GTSGSPIVNR,PMID:28945243_2-0664-9,,TRBV11-2*01,,CASSLGQGAYEQYF
GTSGSPIVNR,PMID:28945243_2-0664-9,,TRBV11-2*01,,CASSLGPDNEQFF
GTSGSPIVNR,PMID:28945243_2-0573-8,,TRBV27*01,,CASLSGRAPQHF
GTSGSPIVNR,PMID:28945243_2-0573-8,,TRBV11-2*01,,CASSLVIIGSASTDTQYF
GTSGSPIVNR,PMID:28945243_2-0573-8,,TRBV11-2*01,,CASSLQPSGTSFYNEQFF
GTSGSPIVNR,PMID:28945243_2-0573-8,,TRBV12-3*01,,CASSLGTREAFF
GTSGSPIVNR,PMID:28945243_,,TRBV11-2*01,,CASTTGGGGYEQYF
GTSGSPIVNR,PMID:28945243_,,TRBV11-2*01,,CASSLGQGSYEQYF
GTSGSPIVNR,PMID:28945243_,,TRBV11-2*01,,CASSLGQGLLYGYTF
none,control,,TRBV6-5*01,,CASEGPSAGELFF
none,control,,TRBV7-6*01;TRBV7-9*01,,CASRMDSSYEQYF
none,control,,TRBV2*01,,CASSERVTGAGYGYTF
none,control,,TRBV7-9*01,,CASSALQGPSEQPQHF
none,control,,TRBV4-2*01,,CASSQETSGVNTGELFF
none,control,,TRBV9*01,,CASSVAEGRLETQYF
none,control,,TRBV5-1*01,,CASSLDNSPLHF
none,control,,TRBV5-4*04;TRBV5-4*01;TRBV5-4*02,,CASSATSGVADTQYF
none,control,,TRBV28*01,,CASSPDRAAKNIQYF
none,control,,TRBV28*01,,CASIKSGIQSPDTQYF
none,control,,TRBV2*01,,CASSWLADSYNEQFF
none,control,,TRBV12-4*01;TRBV12-3*01,,CASSLDRSYLSGGEQFF
none,control,,TRBV12-4*01;TRBV12-3*01,,CASSLDRTDTQYF
none,control,,TRBV18*01,,CASSPTGGTEAFF
none,control,,TRBV7-9*01,,CASSLEGGYNEQFF
none,control,,TRBV7-3*01,,CASSYLGGVNTEAFF
none,control,,TRBV18*01,,CASSPNSGTGVYGYTF
none,control,,TRBV20/OR9-2*01;TRBV20-1*01,,CSARPLSGSSTDTQYF
none,control,,TRBV7-3*01,,CASSLRAGTGRLNTEAFF
none,control,,TRBV7-3*01,,CASSPGLAGVGEQFF
none,control,,TRBV9*01,,CASSVGSNTGELFF
none,control,,TRBV20/OR9-2*01;TRBV20-1*01,,CSANLRGSSSPGRYNEQFF
none,control,,TRBV7-3*01,,CASSLGQGLGGYTF
none,control,,TRBV7-8*01,,CASSLMAPGLGFGEKLFF
none,control,,TRBV6-5*01,,CASSQQRGGYSYEQYF
none,control,,TRBV4-2*01,,CASRGTGLSSYEQYF
none,control,,TRBV4-1*01,,CASSQIIQSTLGYGYTF
none,control,,TRBV7-9*05;TRBV7-9*01,,CAISRVMSYEQYF
none,control,,TRBV14*01,,CASSLSRSHEQFF
none,control,,TRBV7-9*05;TRBV7-9*01,,CASTLGARGSEKLFF
none,control,,TRBV12-4*01;TRBV12-3*01,,CASSSAGLVINEQFF
none,control,,TRBV7-9*05;TRBV7-9*01,,CASIKTGGGYTF
none,control,,TRBV28*01,,CASSLGQGILLGPGNTIYF
none,control,,TRBV3-1*01;TRBV3-2*01;TRBV3-2*02,,CASSQPGNNEQFF
none,control,,TRBV20/OR9-2*01;TRBV20-1*01,,CSAREPQRGGEQYF
none,control,,TRBV7-9*01,,CASSDPNTEAFF
none,control,,TRBV18*01,,CASSAGFLGTEAFF
none,control,,TRBV14*01,,CASSRFPRTDTQYF
none,control,,TRBV19*02;TRBV19*01,,CASSLRDSFGSPYNEQFF
none,control,,TRBV29-1*01,,CSARATSGKATGELFF
none,control,,TRBV2*01,,CASSEKIRRVGKDTQYF
none,control,,TRBV6-5*01,,CASSNRGLGEQYF
none,control,,TRBV4-1*01,,CASSPGLRGQSGSGNTIYF
none,control,,TRBV24-1*01,,CATSDFNRGDTGELFF
none,control,,TRBV6-5*01,,CASSSPGQGHQPQHF
none,control,,TRBV20/OR9-2*01;TRBV20-1*01,,CSARDGAGDIYEQYF
none,control,,TRBV12-4*01;TRBV12-3*01,,CASSSPGGWGTGELFF
none,control,,TRBV20/OR9-2*01;TRBV20-1*03;TRBV20-1*01,,CSAPPPGSPYEQYF
none,control,,TRBV6-5*01,,CASISGAGNTIYF
none,control,,TRBV7-9*01,,CASSPPSQGNEQFF
none,control,,TRBV25-1*01,,CASSVGPLYGYTF
none,control,,TRBV25-1*01,,CASSEGNRNTEAFF
none,control,,TRBV19*02;TRBV19*01,,CASEGDTQYF
none,control,,TRBV20/OR9-2*01;TRBV20-1*01,,CSARDQLKAGAATSYGYTF
none,control,,TRBV6-2*01,,CASSLTSGNEQYF
none,control,,TRBV3-1*01;TRBV3-2*01;TRBV3-2*02,,CASSQDTSSRQETQYF
none,control,,TRBV20/OR9-2*01;TRBV20-1*01,,CSARVIGEGRANTEAFF
none,control,,TRBV18*01,,CASSPSGTADQPQHF
none,control,,TRBV6-2*01,,CASSGTGFGYTF
none,control,,TRBV9*01,,CASSDWDRGKVGELFF
none,control,,TRBV6-5*01,,CASSYGDGYTF
none,control,,TRBV6-4*01,,CASSVLPGEKLFF
none,control,,TRBV12-4*01;TRBV12-3*01,,CASSWKILGQRGYQPQHF
none,control,,TRBV12-5*01,,CASGLVFRDSSSSDSNQPQHF
none,control,,TRBV27*01,,CASRDRGAYEQYF
